cleaned_text,createdAt
"tadinya okelah pas denger naturalisasi buat kemajuan sepak bola indo. tapi pas denger bilang ga nonton liga indonesia, langsung dari mulut seorang bapak federasi sepak bola indonesia, ini sebuah lelucon terbesar",2025-05-09 14:07:40+00:00
"masih aja pada ributin pemain timnas skrng? alesan trll bnyk naturalisasi, g patriotik lah nih tengok sblm era skrng sdh seabrek pemain naturalisasi...tp mulut kalian g kyk comberan sprt skrng, kalian asliny g suka pssi ada pak kan? krn ilang lahan basah kalian",2024-12-27 14:35:20+00:00
"us sering bersaing dengan negara lain untuk mendapatkan pemain, dest vs belanda, musah vs inggris. memang mereka tidak naturalisasi karena bisa dual passport, tp case tentu mirip dengan timnas indonesia. yg banyak diaspora di eropa, layaknya dest dan musah diaspora us di eropa.",2021-11-13 23:54:16+00:00
"berkat pemain naturalisasi, timnas indonesia semakin kental rasa eropa",2023-09-14 00:10:00+00:00
"yes. naturalisasi tidak bisa dianggap buruk. contoh nyata ya el loco, lilipaly sama beto. yg jelas memang pemantauan/scouting dan timing yg menjadikan para pemain naturalisasi bisa berkontribusi nyata buat timnas.",2021-07-03 10:16:27+00:00
set... capres asing... klw mau di timnas harus d naturalisasi dulu parah bangsaku.,2021-03-15 15:28:26+00:00
"tiba2 ada yg tereak sty out,padahal sty pelatih bagus...emang situ keren? coba bawa didier deschamps latih timnas indonesia pasti dia juga bingung mao ngapain....kompetisi nya aja begitu gimana mao pilih pemain makanya harap maklum sty ngebet naturalisasi pemain keturunan....",2023-01-14 11:17:30+00:00
"masih mending era ibul/edy rahmayadi bisa jalanin piala indonesia liga putri. era et full sponsor/support pemerintah larinya ke timnas doang, itupun yg di tonjolin proyek naturalisasi!",2025-07-07 04:49:21+00:00
"teja, kalo warga negara itali, donnarumma juga bakal jadi cadangannya, jadi lu gausah cape-cape naturalisasi si emil buat jadi kiper timnas. emil biar fokus di jabar aja.",2022-03-09 16:02:00+00:00
"kalo dengan cara naturalisasi timnas indonesia bisa juara kayanya ngga apa-apa deh, asal bisa dipanggil timnas terus. kalo kaya aff tahun ini sty terbentur aturan cuma bisa manggil maksimal 2 dari tiap klub liga indonesia kayanya sulit buat dapetin timnas terbaik.",2021-11-12 11:52:37+00:00
"prestasi timnas kurang jos, pakai pelatih asing dan naturalisasi pemain. kinerja wasit sarat kontroversi, wasit asing disiapkan jadi solusi. sebenarnya, ini kebijakan yg normal. toh, ketuanya kan bule. iwan bule. kapan ini exco pssi atau pt lib-nya orang asing juga? ooops.",2022-03-08 14:29:31+00:00
tp kira2 apa sih yg jadiin pemain naturalisasi tidak punya impact yg besar untuk timnas?,2021-07-03 10:38:18+00:00
sabar itu semua bakalan jadi pemain naturalisasi (warga indonesia ) has sepak bola indonesia bagus dikit suru masuk tim-nas,2023-08-23 07:52:10+00:00
"kalo timnas kayak gitu terus, kasian nanti pemain-pemain muda kita.. lah kasian kenapa? nanti jd males latihan karena merasa sia-sia... wkwkwkwk, yaudah bener berarti naturalisasi aja dah kalo gitu mindsetnya, ya ga ???",2024-04-20 02:23:21+00:00
"untuk mendapat tanda tangan shin tae-yong terkait perpanjangan kontrak sebagai pelatih timnas indonesia itu prosesnya lebih mudah dibandingkan naturalisasi pemain keturunan, tapi 1 bulan lebih setelah afc u-23 kok masih belum mendapatkan ?. kok amatiran ? .",2024-06-23 08:18:02+00:00
kenapa setelah timnas indonesia u16 menang dia teriak lokal pride lokal pride seolah menyindir timnas senior yang ada pemain naturalisasi,2022-09-01 10:06:55+00:00
"kemenkes berencana import dokter asing , meniru pssi(timnas) naturalisasi itu mungkin istilah halusnya,. beda tipis maknanya dengan import.. == ini salah satu jalan ninja menuju indonesia emas militannkri gantari",2024-05-21 08:44:29+00:00
"iya, ini bek naturalisasi baru timnas indonesia. pernah ketemu mane.",2022-04-11 07:35:31+00:00
"ini sebenarnya ledekan baru barusan ngobrol ama org pabrik, klo ketemu selalu antusias ngomongin timnas terutama pemain2 naturalisasi. tp saat ngobrol thom haye maen di persib dia gak percaya, ngapain katanya di liga lokal wkwkw. ternyata banyak bener org suka timnas ≠ lokal",2025-11-12 10:49:55+00:00
dongo bgt di naturalisasi kek bisa dipake aja di timnas korsel wkwkwk,2025-05-14 11:33:36+00:00
gapapa timnas banyak naturalisasi asal kualitasnya meningkat. kebanyakan pemain lokal masih kedoktrin taktik longpass grusak grusuk gajelas,2024-01-28 11:58:02+00:00
"ga cerita jg soal safari ke kota kota ketemu suporter lokal buat cerita klo tiket pnssi itu perjuangan saya, sty ga mau dikritik sama saya, timnas ga harmonis, saya yg perjuangin naturalisasi, saya yg kawal langsung keluar negeri. intinya saat itu sty jelek bagus?",2025-11-19 07:13:29+00:00
gak ada yang instant di dunia ini bro. naturalisasi adalah kebodohan dalam prestasi sepak bola indonesia. fans timnasday saat ini kluivertout erickout,2025-10-12 00:25:33+00:00
"coba dibalik, pemain keturunan/naturalisasi yg main di liga indonesia brp persen yg jadi langganan timnas? dan kira2 knp?",2023-08-05 05:51:50+00:00
"intuisi anda tentang keseimbangan pemain naturalisasi dan lokal memang relevan, karena timnas butuh talenta terbaik tanpa mengorbankan semangat nasional. pssi sebaiknya evaluasi strategi 50-50 seperti saran anda untuk hasil optimal jangka panjang. fokus pada pengembangan pemain wni muda agar tak bergantung sepenuhnya pada impor bakat.",2025-10-16 14:22:50+00:00
"sekarang atlet naturalisasi timnas, masih rendah banget apresiasi buat creator ya",2022-10-02 09:50:44+00:00
kante harus jadi naturalisasi timnas indo,2021-05-29 20:59:42+00:00
"slamat pa erik, tolong pa erik bikin road map buat 10th kedepan, bukan sekedar timnas bagus naturalisasi ini itu.. engga ada yg instant boss! pembinaan usia dini,kompetisi berjengjang.. kompetisi yg baik akan menghasilkan timnas yg baik",2023-02-17 00:07:20+00:00
"lah justru federasi yg nolak hubner, rumornya dia minta 1jt euro plus kebijakan istimewa lainnya selama jadi naturalisasi. yah jelas gak tau dirilah belum ngasih apa ke tanah air udah minta di istimewakan, apa gak malu ke pemain lain yg udah tumpah darah, keringat demi timnas.",2023-04-18 02:36:36+00:00
liga tanpa pemain asing tanpa pelatih asing timnas tanpa keturunan naturalisasi timnas tanpa pelatih asung salam lokal preet..,2022-08-16 10:37:27+00:00
"indonesia cetak sejarah indonesia gak jadi pulang, australia siap dihadang buat haters sty, si paling local pride anti naturalisasi: sorry yee! hilirisasi timnas satset tastes yang bikin indonesia buktikan diri ada di level asia. amiiiin ajaa duluu gimana menurut lo?",2024-01-26 12:33:22+00:00
"dear sty, gaji doang gede 4 tahun nol gelar minim prestasi, udah dikasih banyak pemain naturalisasi tapi tetep ga ada hasil. mending indra sjafri pake pemain lokal gaji juga gak semahal sty tapi bisa bawa timnas tsunami trophy.",2023-06-19 13:29:24+00:00
"eh...towel, yg membelah2 jadi local pride dan pro naturalisasi cuma eluh ajah sendirian, gw yakin yang lain support 100% sty dan timnas garuda! simpel ajah...love it or leave it! support timnas atau cabut dari indonesia! gak butuh orang kayak eluh!",2024-04-25 05:13:46+00:00
"timnas indonesia bisa maju dengan cara naturalisasi semua pelatih, pemain dan suporter.",2023-09-28 11:21:06+00:00
tenang masih ada duo naturalisasi indra dos santos dan sumardji rodriguez yg siap menggendong timnas indonesia diberbagai event *emot api-emot api*,2023-08-19 14:45:08+00:00
"eh, aku tiba² kepikiran. pemain naturalisasi timnas bola apa gak culture shock ta? biasanya birokrasi mudah di negara mereka dulu, malah sekarang ribet. atau mereka ada pengkhususan kah?",2024-03-23 01:08:31+00:00
"jelas ga pernah nonton timnas rugby indonesia si mbah. jauh sebelum timnas sepakbola, timnas rugby sudah diisi pemain2 bule. bahkan tanpa harus naturalisasi. yg skrg malah lebih mementingkan pembinaan. krn syarat bela timnas di rugby itu ga perlu paspor (kecuali buat olympic)",2025-04-06 02:49:48+00:00
"terus masalahnya apa!? kan bisa diproses dari jauh, sandy walsh aja udah nungguin, sekarang masalahnya cuma ada di ! kalo naturalisasi pemain asing yang ada di indonesia, timnas bakalan kayak panti jompo.",2021-07-04 14:22:40+00:00
"wkwkw gabisa bang di naturalisasi, mereka semua udah punya caps timnas senior",2023-08-29 04:18:05+00:00
"asal scouting dgn benar, di umur yg tepat dan sesuai kebutuhan pelatih, naturalisasi itu bisa jadi alat pelengkap timnas menjadi timnas yg lebih baik lagi",2022-07-02 00:54:11+00:00
tak selamanya pemain naturalisasi memberi dampak positif untuk timnas indonesia. lima pemain ini buktinya.,2022-02-17 06:30:00+00:00
ivankovic adalah kandidat terbaik. kalian bayangkan dengan timnas china yang kualitas pemain nya paling rendah tapi ivankovic berhasil 3x menang di grup neraka grup c. sebagai perbandingan sty cuma menang sekali dan kluivert cuma menang 2x dan itupun full naturalisasi eropa.,2025-10-15 07:25:03+00:00
"naturalisasi yang diendorse federasi itu kepentingannya cuma satu, untuk kebutuhan timnas. harus spesial . kalau emang niat mau jadi wni, ikutin aja aturan uu utk mengajukan kewarganegaraan jalur keinginan sendiri bukan jalur kebutuhan negara",2022-07-02 01:11:53+00:00
towel nih makin lama makin ndak masuk akal!!sentimen naturalisasi atau lokalpride ini kesan nya dibuat2 jd hal negatif!! padahal kita indonesia yg waras.. mau naturalisasi! mau lokalpride! yg penting satu bisa bawa timnas indonesia dapat prestasi! udah sampai disitu aja! titik!.,2024-04-25 02:50:24+00:00
percaya ga kalo aku bilang dari database game yg namanya football manager? proyek naturalisasi berdasarkan hubungan darah ini udh jadi mimpi basah komunitas gim fm dari dulu kak. mereka rajin tracking pemain keturunan indonesia yg ada di ln trs dipanggil bela timnas kyk skrg.,2025-06-12 19:33:07+00:00
adanya pemain naturalisasi akan meningkatkan persaingan sehat dalam timnas guebarengerickthohir,2023-04-17 08:29:32+00:00
"paling kalo dari saya mah,pokonya buat coach sty harus percaya sama eliano reijnders karena dia ini pemain serbabisa di klub nya, diharapkan kehadiran di timnas indonesia bisa mempertajam skuad garuda gamungkin pak erick thohir naturalisasi beliau tanpa ada kejelasan.",2024-11-18 11:22:30+00:00
"marwah penyerang lokal bangkit, timnas indonesia bakal garang tanpa bomber naturalisasi",2023-03-15 11:47:33+00:00
"anjir bocor di podcast wkwkwk naturalisasi timnas bola ambil emil audero/kiper sampdoria wkwk padahal dulu sempet viral , tolak mentah2 timnas indo wkwk",2022-03-01 15:00:41+00:00
"sdh saatnya indonesia membuka ruang dialog dgn org2 keturunan maluku di belanda, org2 yg terusir dr indonesia krn tuduhan pro belanda rms apalagi cucu2 mrk, generasi ke 3-4, bnyk yg sdh kembali ke pangkuan ibu pertiwi, jd pemain naturalisasi utk timnas sepakbola indonesia",2025-04-23 09:43:53+00:00
bisa bisa nya pemain no 25 singapore masuk timnas wkwkwkwkw... gda bahan naturalisasi lagi ?,2021-12-22 13:13:03+00:00
"mulai dari jaman luis milla, kebijakan timnas senior berubah. karena fokus kepada pada asian games, sering timnas senior diisi pemain2 u23, sehingga jatah pemain senior berkurang. ini juga membuat pemain naturalisasi yg sudah senior tidak masuk squad.",2022-07-02 00:40:07+00:00
"di statuta fifa ga boleh ada pemain naturalisasi buat kepentingan timnas, boleh nya cman pembinaan pembinaan pembinaan kon....",2021-08-22 05:34:37+00:00
"timnas indonesia diyakini bakal rugi besar jika tak naturalisasi jordi amat, benar gak sih?",2022-06-28 14:30:00+00:00
sepakbola indonesia emg udah gak masuk akal. liga bobrok timnas gagal juara. yang salah tetap naturalisasi,2023-01-25 04:51:33+00:00
"sebelum laga versus arab saudi dan iraq, walaupun 11 pemaintimnas saat ini cedera gak masalah buat erick thohir , stok pemain naturalisasi indonesia itu masih buanyak , bahkan cukup untuk membentuk 5-10 squad timnas",2025-07-20 03:06:13+00:00
"dalam kasus naturalisasi medioker ini, yang paling memorable buat saya tu sean dundee proses lama, pake drama, eh akhirnya ga dipake juga sama timnas",2021-04-03 06:21:53+00:00
"jangan digugurkan. biar bisa membela timnas tanpa naturalisasi, di masa mendatang.",2025-11-09 14:10:08+00:00
"wajar timnas kalah, kebanyakan naturalisasi pemain luar , udh tau fisik asia tenggara tuh ga sekuat fisik eropa dan asia timur tapi kurang kerja keras dalam latihan (informasi dari pelatih timnasnya sendiri ), pola makan ga terlalu keurus dan masih banyak faktor-faktor lainyan.",2021-05-30 00:10:12+00:00
timnas indo: -sty tanpa naturalisasi bisa apa? -kualitas pemain lokal sangat awikwok.,2024-12-21 14:31:19+00:00
"fyi aja naturalisasi yg dijalankan federasi selama ga bisa disebut program. federasi seperti latah, naturalisasi untuk timnas saja dilakukan menjelang turnamen. kecuali naturalisasi untuk kebutuhan klub.",2021-12-02 14:17:55+00:00
"naturalisasi timnas kita lebih tepat disebut diaspora. ini lebih baik daripada naturalisasi waktu lalu. krn yd dulu bukan krn keturunan tapi perkawinan. yg notabene udah tuwir. sedangkan sekarang muda, fresh from the oven",2024-01-29 01:49:48+00:00
kemenangan timnas indonesia u17 kali ini senengnya berlapis-lapis. 1. bikin lolos ke piala dunia u17. 2. menang dg skor besar 4-1. 3. mematahkan ejekan tetangga yg bilang timnas indonesia gak ada apa2nya tanpa naturalisasi. percayalah.. ini baru permulaan. timnasday,2025-04-07 19:32:03+00:00
udah pk erick uruson timnas aja ngurusin tim liga 1 gaada abisnya masalahnya percuma diisi ini itu tapi kalo elemen lainnya gk berubah udahlah sepak bola indo gak akan kemana lebih percaya progres timnas dengan pemain abroard ama naturalisasi,2023-08-04 15:32:19+00:00
"stlh tersingkirnya timnas garuda di qwc 26, harapannya stop naturalisasi pemain keturunan dulu. ada waktu sekitar 2 th menuju afc 2027, bisa dimanfaatkan untk mmbngun kemistri strategi yg lebih baik lagi. kalo iya benar adanya, timnas 2027 akan jd timnas menakutkan di asia.",2025-10-12 08:42:46+00:00
"yo, bro, soal estella raquel loupattij jadi starter di timnas pertiwi, peluangnya lumayan, tapi ga pasti. dia baru join zulte waregem di belgia, main di liga top, plus udah menang aff women's cup 2024, jadi skill-nya oke. naturalisasi dia november 2024 bikin dia spesial buat tim. tapi, saingan di skuad ketat, dan pelatih yang nentuin. kalau dia gaspol di klub sama fit, kansnya gede. cuma, dinamika tim sama opini soal naturalisasi bisa nge-rem. jadi, kira-kira 60-70% dia bisa starter, asal ga ada drama.",2025-05-18 15:18:59+00:00
tak salah timnas indonesia gunakan pemain naturalisasi,2023-02-26 07:18:33+00:00
ga sia sia timnas kipernya naturalisasi dari spanyol,2021-12-25 14:27:08+00:00
"yang anti asing, pemain abroad, atau naturalisasi mending sebaiknya dibuatkan wadah. timnas u-55 cocok.",2022-10-11 05:55:46+00:00
"oh ya, nggak usah jauh. timnas cewenya deh naturalisasi dulu, jngn maksa pemain yg kapasitasnya masih u-17 buat ke senior",2021-12-13 12:38:59+00:00
"is kenapa jadi bahas naturalisasi? yang diminta pecinta timnas rank fifa 170an kan bukan naturalisasi, tolong itu anak anak muda berdarah campuran jangan dipersulit kalo mau bela timnas",2021-08-21 13:45:28+00:00
gada ah di pssi yang bagus juga cuman timnasnya itu juga faktor banyaknya naturalisasi. pssi bukan cuman timnas.,2024-06-12 08:41:24+00:00
timnas tanpa pemaen naturalisasi,2021-06-03 15:55:56+00:00
untuk timnas sepakbola bolehlah naturalisasi ...... untuk pilih presiden kualitas lokal lebih handal!!!!,2023-07-24 10:44:01+00:00
"julian alvarez : pelatih terbaik dunia salah satu klub terbaik dunia jaminan throphy tiap musim jam terbang lumayan. rela pindah ke atm. demi masa depannya dan timnas jg. meanwhile.. pemain timnas kt ga main di klub sangat lama, jaminan di timnas bahkan bs ngalain naturalisasi.",2024-08-07 07:51:14+00:00
setidaknya towel menyaksikan secara langsung permainan timnas kita tanpa pemain naturalisasi,2024-12-12 15:11:03+00:00
dia mah ga punya urat malu. lagi rapat soal naturalisasi pemain timnas aja bisa2nya bahas soal kawin campur adalah solusi untuk masa depan sepak bola indonesia. nyambung tuh,2025-04-25 09:49:47+00:00
"yakin mau bela timnas indonesia? kok minta harga selangin untuk proses naturalisasi... justin hubner meminta syarat uang rp 14,6 miliar buat proses naturalisasi naturalisasihubneralot",2023-04-14 15:34:52+00:00
naturalisasi adalah proses yang dilakukan oleh warga asing agar menjadi warga negara indonesia (wni) sah di mata hukum. . bagaimanan pendapat sobat pr terkait pemain naturalisasi timnas indonesia saat ini? timnasindonesia naturalisasi prmn,2024-06-15 06:58:54+00:00
"timnas belanda aja maennya udah gak pake total football, kok timnas cabang yg isinya naturalisasi masih pengen ngadopsi gameplay total football",2025-03-23 21:12:00+00:00
"eh itu pemain yang mau di naturalisasi njamin timnas dapat prestasi, mari berdiskusi mbang gabut ~",2022-03-08 17:59:41+00:00
"si paling lokal pride, padahal ya kelihatan kok, yg naturalisasi sekarang2 ini bagus dan bahkan masih muda2, dan timnas juga udh bermain lebih baik. ga dipuji berlebihan, ketika main jelek aja banyak kritik",2023-11-15 02:49:33+00:00
"dugaan saya pemain naturalisasi timnas gobak sodor itu ga sepenuhnya tanggalkan kewarganegaraan asalnya, bisa jadi sekarang dia punya 2 paspor",2021-12-15 11:11:20+00:00
wakilin timnas naturalisasi bisa sih bang,2025-06-22 11:05:45+00:00
si paling abroad terlalu fokus sama talenta lokal yg gakmau abroad. tapi mereka lupa banyak naturalisasi yg ujungnya main di liga terbaik dunia akhirat kenapa gak lo hujat aja mereka si naturalisasi itu yg langsung downgrade setelah join timnas dan akhirnya main disini.,2025-11-16 14:15:01+00:00
"iya emang bener kok menang krg meyakinkan, but atleast we won. its always nice to start a tournament with a win, toh banyak jg takeaway positif dr game td. soal naturalisasi, ini 30 pemain terbaik udh dukung aja susah bgt. stop being so negative dgn timnas sendiri lah timnasday",2021-12-09 14:18:24+00:00
"pemain naturalisasi belanda-indonesia ini menunjukkan kelasnya sebagai predator di lini depan. dengan permainan yang simpel tapi efektif, dia tahu betul gimana memanfaatkan peluang.",2025-03-26 05:23:55+00:00
lucu banget reaksi lee gyeong gyu main ke gbk buat nonton shin tae yong + match timnas indo vs arab bisa buat naturalisasi supporter ini cr: 르크크 이경규 / youtube,2024-11-28 12:59:16+00:00
"lagian pembinaan pemain kan harusnya dari klub bukan timnas toh yg diambil sty bukan pemain asing, melainkan punya hubungan darah dengan indonesia. masih banyak yg salah kaprah antara pemain naturalisasi dengan pemain keturunan.",2022-01-16 16:46:05+00:00
"yah kena pecut kita. tpi semoga federasi sadar, sistem, pembinaan, ekosistem, itu bagian dri sepakbola. negara byk pulau tpi asprov kyk gk disuruh kerja. federasi klo modal timnas sama naturalisasi mending gk usah ngurus bola. ngurus gundu aja. biar bisa jitak kepala lu pada.",2025-11-07 16:44:05+00:00
kocak ini kah pemain naturalisasi baru timnas?,2025-06-22 09:06:53+00:00
nah bahas grassroot gini lah pak kita bosan bahas naturalisasi pemain timnas. minimnya jumlah pelatih di grassroot sudah disuarakan oleh coach indra sjafrie sejak melatih timnas era evan dimas. tirto,2025-07-18 09:59:35+00:00
"langkah timnas sekarang pun sebenarnya juga bagus, punya pelatih bagus semacam sty, proyek pemain naturalisasi semacam jordi amat, dan regenerasi pemain macam marselino, rizky ridho, pratama arhan, sudah on the track.",2022-06-25 03:21:08+00:00
pak mau tanya dong...buruknya kualitas liga 1 itu apa termasuk terlalu banyaknya akal2an naturalisasi pemain oleh klub sehingga bisa menambah kuota pemain asing klub? dan bukan mendukung kerangka timnas? shg pemain lokal spt striker jadi minim menit bermain?,2022-01-05 06:21:32+00:00
"et tipikal org suka pakai shortcut. timnas bola ga berpretasi? tinggal rekrut pemain dari belanda. bukannya perbaiki sistem malah cari jalan singkat. bayangkan kalau timnas/atlit dari olahraga lain ga berprestasi lalu tinggal naturalisasi atlit. ibarat main game, pake cheat.",2025-09-17 10:19:51+00:00
"hal yg penting seperti ini, kok lama prosesnya, semoga secepatnya bisa disumpah wni. miliano jonathans gagal masuk timnas indonesia lawan kuwait dan lebanon, perkuat u-23 atau proses naturalisasi tak terkejar? lewat",2025-08-22 00:41:05+00:00
"sistem yang bagus akan jalan kalau eksekusi pemain juga bagus. udah bilang dari vs irak kalau timnas punya masalah eksekusi. (mungkin sty mau ngecilin gap sistem eksekusi dengan naturalisasi. cuma belum cukup. but, semua butuh pemahaman kudu bisa jadi eksekutor, kolektif)",2024-01-24 14:25:45+00:00
"kalo ada pemain timnas indo naturalisasi, dr tiongkok misalnya. dia bawa indo ke piala dunia, tp d sisi lain slalu mengagungkan negara asalnya yaitu tiongkok. rakyat indo marah ga ya? mungkin itu yg d rasain fans bola jerman trhadap ozil. apple to apple g perbandinganny? haha",2021-01-10 07:00:11+00:00
"karna kalo pemain keturunan bisa langsung main di timnas, urus dokumennya gampang klo pemain full naturalisasi harus tunggu 5 tahun baru bisa main kyk marc klok, dan tidak kontroversial di bilang bukan pemain indonesia karna mmg punya darah indonesia",2021-12-24 01:01:21+00:00
"perlu peningkatan build-up dari belakang. 5 opsi pengganti ideal kluivert: 1. shin tae-yong: mantan pelatih, paham skuad & budaya, sukses bawa kemajuan sebelumnya. 2. park hang-seo: sukses vietnam, ahli taktik defensif & pengembangan talenta asia. 3. luis milla: eks pelatih indonesia, fokus teknik & possession, cocok komposisi campuran. 4. herve renard: pengalaman asia (saudi), kuat mental & strategi kontra kuat. 5. indra sjafri: lokal, spesialis pemuda, bisa integrasikan talenta domestik dengan naturalisasi.",2025-10-12 17:12:49+00:00
"saking udah gak yakin dengan kualitas liga 1, banyak pemain level remaja/kelompok umur naturalisasi pun dimasukkin. padahal nanti adalah piala asia untuk timnas senior, bukan kelompok umur.",2023-01-11 06:01:41+00:00
timnas indo bisa tuh diisi naturalisasi semua. mayan siapa tau kaya prancis,2023-07-25 12:50:49+00:00
"skuad timnas belanda di euro2024.ini peluang bagi yg kini gencar berburu pemain naturalisasi.ada yg berasal suriname dan indonesia ( tijjani reijnders) tentu mudah digaet.timnas akan makin kuat,makin terbuka utk lolos piala dunia.",2024-07-09 07:32:42+00:00
"naturalisasi pemain muda utk proyek jangka panjang. terdengar hebat, tapi penuh ketidakpastian 1. apakah mereka benar2 mampu mencapai potensi mereka? 2. andaikata bisa, apakah mereka mau melepas kesempatan bermain di timnas yang lebih tinggi kualitasnya daripada indonesia?",2021-06-06 05:52:28+00:00
"yang slm ini, sll saya sorot terkait dinamika sepakbola di indonesia, adalah soal liga. prestasi timnas itu bonus, mw sehebat apapun pelatih timnas kita meng upgrade pemain, termasuk melalui naturalisasi, akan sia2, jika liga kita masih amburadul dan jauh dari kata profesional.",2022-07-19 15:04:11+00:00
"plt menpora sebut naturalisasi menjadi ujung dalam pembangunan olahraga nasional. natularisasi bisa menutup peluang talenta terbaik sepakbola indonesia. aku sih yakin, pak erick thohir bisa bangun sepak bola indonesia lebih berkembang. guebarengerickthohir",2023-03-21 08:17:12+00:00
"lau pilih deh, ky. mau pake jawaban gue yg mana... ada yg lebih bisa muasin lo lagi kalo di bawah-bawah. cek aja coba. soal arhan, doi emang perlu diacc dpr buat ke timnas? proses naturalisasi itu butuh 6 bulan normalnya. makanya dari awal gue bilang ada opsi lain.",2024-02-17 08:56:13+00:00
ini akun2 yg ngaku2 pecinta sepakbola indonesia n bikin petisi batalkan naturalisasi bgst banget yach..ga ada relasinya dia gabung suatu club dg keinginan dia menjadi timnas. justru biar terbiasa bermain dg pemain2 asia yg jd lawan timnas di kualifikasi2 regional..,2022-07-01 06:48:16+00:00
"mereka yang nyinyir terhadap naturalisasi pemain indonesia itu, apa sih yang sudah mereka lakukan untuk memajukan sepak bola indonesia? jika tidak ada, diam saja. jangan ganggu timnas indonesia! berisik, dan sangat tidak konstruktif.",2024-09-29 10:27:01+00:00
"wajah timnas indonesia dgn sepak bola indonesia trnyata berbeda. wajah timnas udah tampan, tpi sepak bolanya masih jelek bobrok. itu juga timnas karena ketolong sma naturalisasi. jgn smpe silau sma ketampanan timnas indonesia, smpe lupa klo sepak bolanya msih jelek bobrok",2024-04-29 09:01:13+00:00
"tentunya juara, hal utama yang ingin diraih pemain naturalisasi itu adalah ingin membuktikan kepada dunia, terutama asia bahwa timnas indonesia yang sekarang memiliki banyak bakat-bakat bagus liputanboltimnas galerisepakbola timnas timnasday timnasindonesia timnasgaruda",2023-12-25 05:33:59+00:00
"apakah stefano lilipaly layak di anggap sebagai naturalisasi gagal ? pada piala aff 2016, saat klub hanya melepas 2 pemain ke timnas, stefano lilipaly datang dengan status pemain dari klub luar negeri sc telstar. saat itu pula ia memberikan kontribusi penuh untuk tim",2021-08-22 08:10:09+00:00
dus dus... kochi itu pro naturalisasi di timnas tapi satu2nya program erick thohir yg dia ga setuju ya 6 asing di liga. gmn blok?,2023-07-15 13:06:21+00:00
"bentar, bentar om! isi timnas hampir semuanya naturalisasi dan bukan murni cetakan lokal.",2025-03-22 15:19:46+00:00
"prestasi timnas belakangan faktor utamanya sty naturalisasi. sty direkrut era iwan bule. jadi, belum ada perubahan berarti terkait pengelolaan sepak bola indonesia. apa iya mau mengandalkan naturalisasi terus? emang seberapa byk keturunan indo yg jago main bola?",2024-08-08 15:17:23+00:00
"emang timnas indonesia senior ada pemai naturalisasi? coba sebutin siapa pemain timnas skrng yg ga punya darah indo? inget bang kata shayne, mereka itu orang indonesia, mereka ga bisa pilih lahir dimana. mereka punya hak yg sama",2024-06-27 08:59:41+00:00
"mending sampe 30thun kedepan, timnas senior plus u20nya full halfblood dan naturalisasi asing deh... sampe ssb busuk itu pada bangkrut dan yg bener niat bkin ssb bermunculan, cm gt caranya indonesia bs maju dgn cara yg kejam... gmn mnrut lu bro?",2023-08-24 13:04:49+00:00
"keren sih entah nz u20 yg bapuk atau memang timnas u20 kita yg udah naik level, hebat gak panik di press minim salah passing juga bnyk create chance. padahal gak ada marselino dan 3 calon pemain naturalisasi.",2023-02-19 13:30:26+00:00
"lah yg senior lokal jg masih banyak.. klo mau bandingin lokal/naturalisasi, jgn batasi kelompok umur dong.. timnas ya timnas, gausah bawa2 naturalisasi/lokal please",2024-12-21 14:53:42+00:00
"grassroot sepak bola indonesia tanpa naturalisasi belanda berjalan baik, terbukti dari sukses tim u17 di piala asia u17 2025. fokus pada pembinaan lokal, seperti festival grassroot di yogyakarta, membangun talenta muda. skuad u17 mayoritas dari klub indonesia, hanya matthew baker dari australia, bukan belanda. ini menunjukkan pembinaan akar rumput efektif tanpa ketergantungan pada naturalisasi belanda, beda dengan tim senior.",2025-04-05 13:27:01+00:00
mudah2an indonesia kalah 10 kosong lawan bahrain biar pemain naturalisasi dan pelatih yg di banggakan itu malu sendiri. timnas indonesia akan melawan timnas bahrain di kualifikasi piala dunia 2026. skuad garuda dilarang terlambat panas pada laga itu.,2025-03-25 12:27:44+00:00
"ahh i see, soalnya baru kepanggil timnas di nation league kemarin. barusan baca katanya ada darah maluku kochi, sempet ditaksir sty buat naturalisasi tapi dia milih belanda",2023-07-16 17:46:15+00:00
"siapin uang yang banyak , pisahin aja timnas full pemain naturalisasi terus lokal biarin aja di klub gak usah panggil ke timnas.... kalo mau gila sekalian jangan nanggung biar pada nyaman semuanya",2023-08-17 12:19:24+00:00
"ini kalo timnas putra, pasti netizen pada rame. pemain naturalisasi kok jadi cadangan.....",2024-11-24 09:53:24+00:00
"apa yg dikritik bung towel itu benar adanya. naturalisasi pemain bukanlah solusi yg tepat utk kemajuan sepak bola indonesia di masa depan. jutaan anak indonesia punya kemampuan dan bakat yg menunggu diasah secara intens sedari kecil, kenapa pssi abaikan tunas muda ini???",2024-06-12 12:55:43+00:00
"beli pemain kayak naturalisasi timnas,tiap berapa minggu sekali ada yang baru.",2025-06-20 13:00:38+00:00
kalo indonesia langganan pildun mah ud itu mah gak usah cari2 lagi pemain keturunan atau naturalisasi yaa otomatis pemain dari seluruh dunia menginginkan bermain utk timnas indonesia yaa mimpi bermain di level tertinggi,2024-03-27 14:42:05+00:00
guebarengerickthohir berapa jumlah pemain naturalisasi sepak bola indonesia yg diperbolehkan di bahas di dpr. semoga keputusan yg diambil dapat memajukan sepak bola indonesia.,2023-03-21 02:25:21+00:00
pemain naturalisasi buat klub mas bukan buat timnas kok,2021-05-12 13:36:18+00:00
yuuuk kita dukung selalu kolaborasi pemain lokal dan pemain naturalisasi untuk prestasi timnas sepak bola indonesia. naturalisasi ditjenahu kemenkumhamri,2024-06-28 09:36:40+00:00
"semoga adik-adik ini yang akan menjadi tulang punggung timnas indonesia 2034. tidak lagi diisi oleh pemain naturalisasi, tapi diisi oleh putra-putri terbaik bangsa dari sekolah sepak bola di indonesia. maju terus sepak bola indonesia! andrerosiade andrerosiadecup",2025-09-13 07:03:02+00:00
"selama kanjuruhan belum tuntas, susah untuk bangga dengan sepakbola indonesia. timnas kalau berprestasi cukup ikut suka cita aja sama pemainnya. itupun mayoritas naturalisasi, kalo diinget jadi susah untuk bangga dengan sistem liga dan akademi nasional kita.",2025-09-06 07:38:12+00:00
urgensi naturalisasi pemain timnas indonesia untuk tingkatkan prestasi,2024-05-20 12:45:41+00:00
verdonk menit terakhir lari 3/4 lapangan sambil nyeret2 kakinya yg kram buat bantu pertahanan. komitmen kaya apa lagi yg lu perluin dari pemain naturalisasi supaya lu yakin mereka emg pemain timnas indonesia?b.a.c.o.d,2024-11-20 02:00:48+00:00
naturalisasi tka lebih ekpres drpd pemain timnas yg notabene memiliki darah indonesia,2023-04-01 10:50:21+00:00
"riku bagus, tp kalo sandy welsh jadi di naturalisasi posisinya bakal bentrok, wlpn riku bisa di majukan jd sayap sih. kalo riki rekornya masih blm bagus, tp timnas butuh striker.",2021-02-27 07:51:51+00:00
"jujur udah ga pernah nonton timnas dan ikut euforia semenjak liat isi timnas bulai semua. federasi gagal total dengan ambil naturalisasi sebagai jalan pintas, liga lokal ga diurusin, federasi malas! timnas itu bentuk nyata mental kita inlander bahkan walopun sudah 80 merdeka",2025-10-12 04:30:53+00:00
"bertahun-tahun sibuk urus naturalisasi: target jangka pendek (lolos piala dunia 2026) gagal didapat, rencana jangka panjang nihil. korbannya lagi-lagi sepak bola indonesia.",2025-10-12 02:01:44+00:00
boaz kalo satu generasi sama angkatan pemain naturalisasi sekarang ga kebayang gacornya timnas kek apa,2025-11-20 01:57:24+00:00
"mampus! biar jadi pelajaran. bahwa sebaik-baiknya membangun timnas ga cuma lewat naturalisasi belaka, tapi lewat pembangunan kompetisi yang berjenjang. sebanyak apapun datengin bule londo gak akan bisa nyaingin tim yang emang dibangun lewat proses yang matang. shame on you pssi!",2025-06-10 13:50:22+00:00
makin kesini makin pesimis timnas dapat pemain naturalisasi kelas eropa,2021-07-02 15:43:07+00:00
para pemuja rahim anget pemain naturalisasi timnas tidak bakal paham kalo dia adalah dalang dari kehancuran sepakbola di indonesia sampai titik terbawah.,2024-12-19 14:59:49+00:00
"pekan ini liga2 dunia libur, yg ada lanjutan kualifikasi piala dunia zona eropa, pertandingan persahabatan...untuk timnas indonesia libur total pasca gagal lolos piala dunia, pemain2 naturalisasi timnas masih lanjut membela timnas apa ikut bubar ?sprtinya mundur teratur...",2025-11-14 16:57:37+00:00
de medina. mereka memiliki potensi besar untuk memperkuat timnas indonesia. semoga proyek naturalisasi ini dapat berjalan lancar dan memberikan hasil yang baik bagi sepak bola indonesia.,2023-11-09 05:58:20+00:00
semoga pemain2 naturalisasi yg dihujat abcd ga pd menyesal ya udh memilih membela timnas indonesia. semangat gaes...,2025-06-11 06:44:08+00:00
"sty s-nya semifinal. t-nya tepat janji. ia membawa progres dalam permainan timnas di turnamen ini. tentu masih ada yang harus dibenahi, tapi secara keseluruhan ia melakukan kerja bagus. karena percuma dikasih naturalisasi kalau tak bisa memanfaatkan. sty membuktikan ia bisa.",2024-04-25 21:13:54+00:00
"...pemain2 timnas dari dulu gak pernah sadar bahwa mereka cuma level e. umpan aja yg bener, gak perlu sok paling skill banyak gocek. yg lokal maupun naturalisasi merasa diri kek messi. skill jepang/korsel jauh di atas kalian tp gak nahan2 bola banyak gocek.. (``,) timnasday",2024-01-15 16:35:06+00:00
u lebih maju klub bertanding serentak sabtu minggu tdk 1 musim kompetisi saja tdk mengganggu tc jg ujicoba timnas kompetisi segala usia digulirkan bkn turnamen hapus regulasi pemain asing 3+1 aturan naturalisasi pemain diperketat,2021-04-19 08:23:29+00:00
"piala dunia juga menjadi fokus saya. salah satu kunci penting dalam memperkuat timnas kita agar bisa mengikuti ajang piala dunia u-20, dengan menempatkan pemain naturalisasi di dalam timnas indonesia. saya harap proses naturalisasi pemain bisa dipercepat dan memperkuat timnas.",2022-07-21 12:01:15+00:00
joktug! ada yg bisa buat mosi pro tentang naturalisasi pemain sepakbola timnas indonesia? sekalian rep v yaaa,2022-02-12 12:22:22+00:00
jadi inget pernah komen masalah naturalisasi timnas lah akun gw malah kena suspen dan gabisa dipake samsem smpe skrng,2025-11-23 06:45:59+00:00
apakah penting naturalisasi pemain untuk timnas indonesia?,2023-06-19 03:47:06+00:00
bayangin aja dulu kalo kiper timnas indonesia begini iyaiyaaaa ini pake pensil ajaip. senapsaran aja gue kalo kita naturalisasi grade a begimana,2024-02-20 14:54:43+00:00
kalau gitu kenapa kita gk naturalisasi aja dia buat timnas indonesia,2021-05-03 03:37:04+00:00
"sudahlah, timnas indonesia iri pada tim naturalisasi nya. sehingga mainnya tidak niat. apalagi main di solo. mereka inginnya main di gbk.",2024-12-21 17:15:53+00:00
"tiap liat/baca respon pemain naturalisasi yg semangat bwt gabung timnas tuh rasanya kek terenyuh, bangga aja liat nasionalis mrk",2022-04-07 09:08:04+00:00
"tuh dengar bung towel, warga luar sana mengapresiasi program naturalisasi sebagai tanda kebangkitan sepak bola indonesia. salut sama capaian timnasindonesiau23 in shaa allah tembus final afcu23. doa kami anak bangsa buat pemain timnasindonesiau23 timnasday timnasu23",2024-04-28 14:10:33+00:00
kasihan pemain macam calvin verdonk dan jay idzes dan pemain diaspora yang di naturalisasi woyy yang udah rela bermain untuk timnas indonesia karena pengen main di piala dunia untuk negara leluhur nya,2025-11-21 04:03:40+00:00
"setuju! stop debat tentang naturalisasi jngan beri panggung org² kya mr.t. semua pemain yg ada di timnas saat ini, sudah pasti sedikit tidaknya mendongkrak mental² pemain yg bermain di liga 1. jadi stop perdebatan ini. fokus ke timnas utk sepak bola indonesia yg lebih baik!!!",2024-04-27 08:50:41+00:00
"menurut gue, shin tae-yong paling cocok balik lagi ke timnas indonesia. dia udah paham banget sama pemain-pemain naturalisasi dan bawa tim lolos ke piala asia 2023. kalo mau opsi lain, giovanni van bronckhorst bisa jadi pilihan bagus dengan pengalaman eropanya. tapi prioritasin yang kenal kultur sepak bola indo dulu deh!",2025-11-01 06:31:49+00:00
"yang nonton timnas, ada yang bisa bantu aku ga mengenai masing-masing kelebihan pemain naturalisasi dan lokal",2024-01-25 06:27:23+00:00
wah cr-7 bisa di naturalisasi memperkuat timnas garuda atau minimal tim bola yang ada di jateng gak tuh pak ?,2023-04-14 06:56:21+00:00
betul sekali. biar pemain nanti yg masuk timnas itu pemain yg dari liga luar aja. atau kalo bs naturalisasi aja,2022-10-27 11:57:42+00:00
"mantap mas, naturalisasi patson daka skrg jg ke timnas belgia",2021-10-18 12:53:25+00:00
"fans timnas gak ada yg pengin ngelayangkan gugatan class action ke pengadilan utk minta pertanggungjawaban kepada ketum pssi perihal pembiayaan proyek naturalisasi dan pergantian tim pelatih nih???? kalau ndak ada, kalian memang menyedihkan.",2025-10-16 14:55:25+00:00
"keren keren !!!! berarti tahun depan, udah bisa bela timnas garuda di kualifikasi piala asia. kabar terkini proses naturalisasi sandy walsh dkk: pemeriksaan dokumen, target rampung awal 2022 kitagaruda",2021-12-03 20:36:34+00:00
'timnas indo tanpa naturalisasi kasian deh',2025-07-30 02:35:57+00:00
"betul, mereka niat banget soal ningkatin kualitas timnas pake naturalisasi/halfblood.",2021-04-23 21:54:29+00:00
"masalah jordi amat yg gabung jdt itu sebenrnya sih ya hak dia mau pilih mana. cuman ngw masih jengkel, kok undang-undang indonesia dipake kepentingan pribadi, bisa bisa nya naturalisasi diakalin sama pihak luar gitu cuman yaudah semua udh terjadi, semoga bagus di timnas",2022-06-29 11:34:35+00:00
"rilek je, teman2. toh nanti di timnas tinggal cari naturalisasi.",2025-01-29 01:49:12+00:00
"hadeh, kalo ada pemain blasteran berprestasi mana mungkin mau main di timnas indo, pribumi asli aja kalo skill nya bagus dan ditawarin naturalisasi negara lain pasti juga mau. rata bule yg dinaturalisasi timnas indo juga kalo disetarain kualitasnya kayak pemain tarkam di eropa",2023-08-11 12:03:39+00:00
"selain liga yang tak serius untuk dibenahi. problem itu juga ada di kepengurusan hingga exco serta mau sampai kapan itu proyek naturalisasi dilakukan atau dikaji kembali, serta blue print timnas indonesia 5-25 tahun ke depan itu seperti apa.",2024-01-25 21:51:48+00:00
"misi pak , bisa dipertimbangkan untuk naturalisasi penyerang timnas",2025-10-03 06:42:20+00:00
"lah katanya timnas indonesia, apalagi pemain lokalnya lemah. tapi kok malah takut sih sama pemain naturalisasi kita? gak tau aja dia kekuatan tradisional-nya skuad garuda. nanti giliran dikalahin, nangisss timnasindonesia indonesiavschina",2025-05-24 03:47:05+00:00
"tahun 1980 ada yg nulis: pssi butuh waktu 200 thn utk bs bersaing di 15 besar afc kondisi pemain lokal yg tdk mendukung, membuat program naturalisasi harus berlangsung hingga thn 2180 berani taruhan erick thohir ratu tisha kitagaruda timnas indonesia",2024-10-29 05:32:42+00:00
"56 hari menjelang pertandingan pertama timnas indonesia di piala asia wanita 2022. tidak ada berita terkait tc, latih tanding, turnamen persiapan, naturalisasi pemain atau apapun terkait timnas wanita. apa ini tidak penting ?",2021-11-26 12:07:51+00:00
"saran gw hire penulis naskah sutradara luar yg berpengalaman, anggep aja seperti pemain naturalisasi timnas, contohnya the ambush, film uae yg disutradarai pierre morel (taken, from paris with love, the gunman), tim penulis naskah yg pernah bikin furious 7 medal of honor.",2023-04-02 17:15:13+00:00
"keliatan emang, emang timnas harusnya diisi naturalisasi sm keturunan yg lama di luar. lokelprett maa hal kecil gini aja ga aware",2021-06-15 09:52:25+00:00
"next sapa lagi yang akan di naturalisasi pssi? semoga mereka semua terpakai di timnas indonesia, dan sesuai kebutuhan juga",2023-05-22 14:13:52+00:00
cocok sekali untuk timnas daripada ambil-ambil naturalisasi.,2025-11-07 12:32:07+00:00
"gw lebihh dukung timnas di isi kebanyakan naturalisasi dan pemain muda.. dripada malu2 in.. gabisa passing, mental tahu dll",2021-03-26 02:58:50+00:00
"gw paham sih maksudnya. di indo perlu naturalisasi soalnya indo ga nganut dual citizenship. kalo indo nganut dual citizenship ya ga perlu naturalisasi, cukup lobi aja biar dia declare ambil timnas indonesia utk sepakbolanya",2023-04-11 16:53:17+00:00
"apalagi pelatih baru bilang vs bahrain bakal berat..klo kalah lg ada pihak yg senang sdh brp korban spt mila susah diatur dipecat,ivan kolev dg tiki taka timnas bagus lawan negara2 timteng dipecat,riedl dg naturalisasi timnas sikat asean dipecat,sty diatur kalah ga mau dipecat?",2025-03-22 17:33:21+00:00
"aff masuk perhitungan fifa, sea games bisa kalo boleh turunin pemain muda dan kalo ga ada yg protes. walaupun bukan turnamen fifa, bisa aja diprotes yg lain karena secara hukum fifa harusnya doi belum boleh main di timnas. kan bisa aja naturalisasi halaand trus dimaenin.",2021-09-17 07:57:33+00:00
gini mul. timnas saja mau maju butuh  pemain naturalisasi. nah indonesia juga mau maju butuh pemimpin yg wawasannya naturalisasi :`),2023-04-23 23:31:03+00:00
timnas bangga percepat naturalisasi!,2024-01-28 13:30:18+00:00
"timnas lain ga lolos pildun move on, cetak generasi bagus lagi dari pembinaan usia dini, indo bingung soalnya pemain naturalisasinya udah pada tua yang jago jago, mau naturalisasi lagi udah abissss",2025-10-13 17:13:31+00:00
gayanya mereka iq tinggi buat ngakalin aturan. kalah sama indo yang patuh. ezra klok sudah naturalisasi bahkan tetep harus nunggu lama untuk debut di timnas karna belum 5 tahun walau beneran ada keturunan indo,2025-11-03 15:08:36+00:00
"menariq, you pointed out abt 'jalan ninja' naturalisasi. 5 tahun terakhir cmiww ada 10 pemain yg udah 'dibaptis' wni, yang ngisi slot timnas cuma marc klok doang, sisanya pemaen usang. nyambung ke bahasan dex, kalo naturalisasi model beginian ga akan bikin liga 1 ke next level.",2021-05-01 10:38:36+00:00
"dia taunya naturalisasi pemain luar jd pemain timnas , kek diego michiels",2021-02-22 02:02:42+00:00
"heran aku tu ama buzzer pks, mereka tu bodo atau males baca ya ? baca judul langsung sebar fitnah pada bang rano karno. diskusi bagus soal naturalisasi yang dibahas bersama komisi x dpr-ri eh diplintir, kalian tu keterlaluan.",2024-09-26 00:17:11+00:00
ini mah naturalisasi cuma akal-akalan aja biar gampanh ikut turnamen hahaha. bukannya timnas/pelatnas/pbsi yang butuh.,2022-09-10 00:27:41+00:00
iyaaa kalo tujuan nya memperkuat timnas harus segera di naturalisasi sebelum mereka dapet caps di negara lain,2021-06-04 12:54:16+00:00
"timnas indonesia diyakni bakal rugi besar jika tak naturalisasi jordi amat, benar gak sih?",2022-06-28 07:01:10+00:00
klok ini hanya pemain naturalisasi yang di peruntukan kebutuhan klub buka untuk timnas,2022-05-10 12:48:15+00:00
"semakin keren saja sepak bola indonesia, sudah terbukti dong kerjacepat naturalisasipemain menghasilkan permainan yang sangat bagus timnasrasaeropa",2024-03-28 10:36:12+00:00
"semoga saja dia mau, berkaca ke pemilihan pemain naturalisasi timnas sekarang yang mencari pemain liga eropa grade a, semoga perlahan bisa memperbaiki kualitas timnas",2023-08-05 10:54:35+00:00
"gw sih engga masalah timnas indonesia sering naturalisasi cuman apa akan berhasil? kalau mau timnas berjaya, cara satu2nya pembenahan kompetisi dari usia muda yang bagus.",2023-11-16 15:26:56+00:00
"emg timnas ni harusnya full naturalisasi aja, ampas bet org lokalnya",2024-01-28 12:19:33+00:00
karena standar pemain naturalisasi itu biasa saja. sementara euforia dan ekspektasi suporter timnas sudah terlanjur tinggi.,2025-06-18 23:20:33+00:00
"laurin ulrich punya darah indonesia lewat kakeknya yang lahir di surabaya, jadi eligible buat naturalisasi. dia pemain muda berbakat (am, 20 thn) dari vfb stuttgart, lagi dipinjam ke magdeburg. udah main buat jerman u20, tapi katanya nggak nutup kemungkinan bela timnas indonesia. cocok atau nggak tergantung strategi tim & pilihan dia. kalau pssi gercep, bisa nambah kekuatan!",2025-09-20 06:39:00+00:00
"setelah masuknya pemain keturunan, melalui naturalisasi di timnas, dan mereka rata-rata lahir, besar dan bermain di club-club eropa, maka sty sdh tidak cocok lagi untuk menangani timnas indonesia, yang pas saat ini utk timnas adlh pelatih dari daratan eropa.",2024-11-18 01:42:36+00:00
naturalisasi buat timnas ga siee,2022-04-04 06:23:11+00:00
"liat prmainan timnas indo gregetan, smoga aku bs di naturalisasi supaya bs mnperkuat timnas",2024-05-09 14:29:39+00:00
"beberapa hari yg lalu aku ngobrol sama temenku, soal kritik rocky gerung ke timnas indonesia kita ngebahas timnas indonesia yg kebanyakan sekarang pemain naturalisasi dibandingkan anak indonesia sendiri. poin yg kita bahas itu adalah knpa kita harus memakai cara instant ?",2024-10-24 23:57:29+00:00
"gini nih kalo naturalisasi nya memang untuk kepentingan timnas.. liga nya baik, timnasnya juga baik.. ga kayak cabor sepakbola ya kan pak . dan terpantau ketum perbasi nya blm vidcall sm bolden after match kmaren. xixixi ga kayak bapak wkt aff kmaren.",2022-07-13 22:28:46+00:00
"pantes ya coach sty pengen naturalisasi pemain keturunan yg posisinya bek. bek timnas skrg agak kurang kalo dimainin jadi ball playing defender, jadi engga bisa build up serangan dari belakang.",2021-12-09 20:43:05+00:00
kok aku mudengnya ngritik alus proses naturalisasinya ya? bukan total nolak ada pemain naturalisasi di timnas. semacam sbelum dinaturalisasi tu minta mereka berbagi pengalaman sama yg lokal dulu. gitu gak sik..,2021-11-13 08:25:00+00:00
"gak kaitannya dgn nasionalisme kaleeee... lah itu pemain timnas pssi bbrp dari mereka hasil naturalisasi.. apakah mereka diragukan nasionalismenya? ketika penghargaan terhadap profesi dan karya diabaikan oleh penguasa, lebih baik berkarya di tempat yg menghargai.",2023-07-21 23:01:10+00:00
"kasusnya andri udh biasa kok, mirip pemain naturalisasi indonesia. ketika karir mereka di luar negeri bagus ga bakal ada kepikiran buat bela timnas. jadi ya doain aja yg terbaik buat andri syahputra semoga sukses di qatar",2022-08-03 12:39:25+00:00
ya semoga tidak timnas indonesia 2012 part 2. remember orang lagi fun football malah di naturalisasi,2025-01-12 12:36:09+00:00
"ngga salah dong mempertimbangkan orang yg cinta indonesia dari pada ngajak orang yang sok paling hebat. segera naturalisasi saja. penyebab cyrus margono pilih timnas indonesia ketimbang iran, alasannya menyentuh hati! lewat",2022-03-13 15:56:23+00:00
"naturalisasi ? tergantung. kl spt yg dilakukan klub2 indo, gk ada guna bwt timnas, krn levelnya biasa aja. tp jk yg diambil adl pemain2 top di eropa, oke. knp ? utk bersaing dgn vie tha, or dgn tim2 kuat asia, kt butuh pemain2 kelas eropa. yg ada saat ini msh level asean/aff.",2022-01-11 10:00:50+00:00
"mempunyai darah keturunan itu syarat pemain naturalisasi yang diminta oleh regulasi fifa, jika ga punya darah keturunan atau silsilah keluarga fifa juga mewajibkan minimal 5 tahun tinggal di negara bersangkutan. cek kasus marc klok ya pas dilarang fifa membela timnas.",2022-06-29 14:28:46+00:00
timnas indonesia sepertinya butuh naturalisasi harry kane,2024-01-28 13:02:26+00:00
lah yg mereka ambil kan pure naturalisasi bukan keturunan kaya timnas indonesia . lick they're own spit . hahaha,2025-03-29 07:32:37+00:00
"mengapa timnas indonesia banyak naturalisasi pemain belakang, kapan striker?",2023-10-27 03:20:00+00:00
"saran serius untuk para pendukung timnas kalian tak boleh mengulangi provokasi hanya karena ada banyak pemain naturalisasi sebaliknya, seluruh bangsa harus punya gimana menciptakan chemistry dengan kombinasi pemain domestik dan naturalisasi",2024-12-24 01:02:46+00:00
"gak usah marah2 kalau seleksi taruna di ntt putra daerah yg cuma lolos 1 orang, 10 sisanya malah didominasi propinsi lain, barangkali terinspirasi timnas sepak bola, pakai modus naturalisasi",2024-07-08 21:27:43+00:00
"regulasi sampah, miris liat salah satu tim pake 6 pemain asing, walaupun ada yg naturalisasi. efeknya apa naturalisasi kl cuma mengakali regulasi. timnas ga nambah bagus, yg ada nambah kecer.",2021-04-15 13:35:28+00:00
pemikiran yang konyol. yakin dengan dilatih sama pelatih dlm negeri dan full pemain lokal bisa berkembang timnas indonesia? dilatih sama pelatih berkualitas dan ada pemain naturalisasi aja ttp stuck di situ2 ajah.,2023-01-22 10:31:02+00:00
setuju rizky ridho sih. cuma tetep klok walaupun pemain naturalisasi keliatan banget semangatnya buat bela timnas indonesia. marc klok u got my respect.,2022-06-08 18:30:32+00:00
"yuk bisa yuk benahin dari nol mumpung timnas udh bagus nih yuk benahin kualitas liga kita kalo bisa dari ssb benahinnya, lebih bagus kalo sampai ada liga sepak bola antar sma karena ga mungkin domg terus menerus naturalisasi",2024-04-25 21:29:44+00:00
"di naturalisasi bisa , tapi gakan bisa main di timnas indonesia . kan naturalisasi gak harus jadi pemain timnas bang hehe.",2023-10-30 02:56:33+00:00
padahal timnas hasil naturalisasi lahirnya di eropa,2025-03-23 07:52:12+00:00
"pssi emang bangsat abis, proyek instan naturalisasi tiap jeda kayak lagi belanja di shopee, tapi timnas tetep ambyar gak ada hasil. pelatih impor mahal gila, dicap terbaik tapi gak bisa bikin gol lebih dari jempol, mending hemat duitnya buat beli bibit lokal. gagal instan, balik ke akar dong: perbaiki kompetisi berantakan, pintar sdm yang bego, jangan sok cepet kaya tapi kosong isi!",2025-10-12 12:19:57+00:00
"ternyata setelah dicek, akun ini emg sering ya bikin hoax dan postingan provokasi ke anak2 timnas. mana yg jd target selalu pemain naturalisasi. dari rafael, rumor ragnar ke bali united, sampe justin pun kena sm ni akun. lokal pret anak buah towel detected sih inimah",2024-07-13 14:29:57+00:00
"anak2 muda di timnas indonesia dan para pemain naturalisasi yg bgabung di timnas, semoga selalu semangat,bprestasi baik dlm putaran final u20 afc 2023 dan piala dunia u20,2023 mengingat tim2 yg akan btanding dlm u20 afc 2023 dan piala dunia u20 2023 adl tim2 kuat dr bnyk negara.",2022-10-23 05:01:14+00:00
timnas itu tdk butuh pelatih yg kenal asia krn jika dikupas timnas garuda akar isinya dah 90% pemain naturalisasi eropa mrk banyakan dah merangkak ke skill grade a. jadi gak bisa cari pelatih nanggung. sekelas curacao negara seupil bisa pakai d advocaat. timnasday,2025-11-23 00:19:20+00:00
selamat buat timnas (tim naturalisasi),2024-06-13 08:16:05+00:00
indonesia termasuk menyelaraskan tim kepelatihan timnas indonesia sesuai dengan filanesia setelah sebelumnya berbeda 180°. lalu dia di kritik karena kebijakan naturalisasi yg menjadi satu² nya kebijakan populis yang mengamankan masa kepengurusan nya dari tekanan publik yang gak,2025-10-19 05:26:29+00:00
"main di klub2 top lokal, gaji gede, followers banyak, endorse banyak, bagi mereka mah segitu aja udah cukup yang penting udah bikin bangga orang tua dan diri sendiri, masuk timnas mah bonus mangkannya mending banyakin naturalisasi aja, biasanya naturalisasi lebih nasionalis",2022-06-03 08:38:32+00:00
"berarti et masih fokus timnas dan pasti nambah pemain naturalisasi, jgn harap ada blue print sepakbola dalam negeri",2025-11-15 08:43:28+00:00
"setuju banget, bukan naturalisasi ya. tapi, pemain keturunan yang ga kaleng². kerja cerdas lebih enak sembari membangun timnas.",2021-12-10 07:10:49+00:00
"1. dia naturalisasi bukan keinginan sty/pssi 2. dia gak bagus-bagus amat, untuk pelapis pun sejauh ini lebih bagus ernando 3. gak semua pemain yg main di eropa tuh bagus 4. timnas indonesia gak dibangun atas dasar kasian 5. minimal otak lu dipake mikir",2025-03-26 08:59:16+00:00
timnas tanpa pemain naturalisasi mah kasian. timnasday,2024-12-21 16:18:54+00:00
"tinggal tunggu brajil pke pemain naturalisasi, itu tanda2 timnas kita bs juara dunia (dgn catatan: israel gk lolos)",2023-07-05 12:40:06+00:00
permasalahan banyaknya pemaen timnas hasil naturalisasi oleh sebenernya berawal dari karena presiden dan pelatih timnas indonesia sama2 orang yang haus akan legacy.,2023-03-22 11:04:48+00:00
"joey sama matthew bisa jadi opsi jangka pendek untuk memperbaiki pertahanan timnas. sebenernya bingung sama situasi joey suk, dulu masuk proyeksi naturalisasi bareng diego michiels dan stefano lilipaly, tapi kemudian beritanya menghilang. joey suk juga terus bertanya2.",2021-06-03 03:05:28+00:00
"ya sama aja kayak fans liga 1 dan fans timnas lain yang ngatain struick gak guna karena gak bisa ngegolin, naturalisasi kualitas liga 1, striker mandul, striker jualan exclusive, dll. ya emang harus dibandingin biar keliatan. sananta masih muda. masih banyak waktu buat belajar.",2024-04-29 16:34:57+00:00
"sah-sah saja klo sty ada rencana mau stop naturalisasi pemain . --- beda topik, kalau coach is mau naturalisasi peruntukan u-20, ataupun coach nova juga mencari peruntukan u-16, ataupun coach timnas indonesia perempuan juga turut serta. cmiiw",2024-05-13 04:37:08+00:00
"hormat pada mas ainur yang mengangkat ini. roadmap ini adalah kunci. sayangnya, ada narasi membenturkan: yang nuntut roadmap nggak suka timnas jago lewat naturalisasi no, kita mendukung quick win lewat naturalisasi. tapi roadmap ini wajib, biar di masa depan beneran jago.",2025-06-11 04:59:26+00:00
"iyah bener, sosok hotman biar bagaimana pun jadi magnet. toh kita nonton2 juga. ga bakal terlalu mengkritik juga nih karena besok giliran mba rosi ngebahas timnas dan naturalisasi di kompastv",2024-04-24 16:26:41+00:00
luar biasa daya tarik bagi pemain-pemain naturalisasi kita. biar makin kompetitif seleksi masuk timnas indonesia,2023-09-07 06:24:11+00:00
"soalnya pemain2 muda indonesia jg banyak yg bagus2 contoh egy, asnawi, witan, bagus kahfi, bryliann, david maulana, jgn sampai timnas banyak naturalisasi, bisa sih cukup 3-4 pemain aja, yg sesuai dgn kebutuhan timnas",2021-06-14 13:07:28+00:00
"stystay coach tolong coach jangan out. kenapa si orang orang gak bisa melihat ketulusan coach. ibul sebenernya selalu mendukung loh kemauan sty buat yang baik baik seperti naturalisasi pemain. kinerja ibul itu bagus, kalau mereka out emang menjamin sepak bola indonesia bagus?",2022-10-13 01:30:29+00:00
"fm 20, pakai timnas indonesia tembus 40 besar.... di fm 23 sudah pakai pemain naturalisasi masih susah menang wkwk",2023-04-22 01:57:12+00:00
"ini bahas risiko naturalisasi mees hilgers ke timnas indonesia. kalau dia merasa difitnah tokoh politik dan balikin paspor indo, media belanda bakal ramai, lalu knvb bisa tutup pintu naturalisasi pemain belanda lain buat lindungi hilgers. skenario terburuk: pssi kehilangan opsi talenta eropa serupa.",2025-10-15 04:41:47+00:00
"hahaha ga yg muda, ga yg senior. sama aja butut nya. emang ini timnas wajib pake 100% naturalisasi biar ky france. gausah pake teriak2 lokal pride basiii",2023-04-14 15:35:30+00:00
timnas qatar banyak pemain naturalisasi apa gimana ini ?,2021-07-21 01:56:46+00:00
makin yakin mnding timnas isinya naturalisasi aja semua,2023-07-25 09:38:43+00:00
"ah, bodo amat kalau kualitas liga indonesia masih jelek. yang penting timnas indonesia punya pemain naturalisasi. kalau timnas indonesia kalah, yang disalahkan harus pelatih. federasi selalu benar dan tidak boleh salah . betul tak ? .",2024-12-23 03:52:22+00:00
"melihat cara bermain pemain tengah ke depan timnas u23 indonesia, pantas saja timnas senior butuh banyak pemain naturalisasi. memang beda kelas antara beckham putra dengan marselino. sananta juga bermain buruk.",2023-08-20 14:37:28+00:00
"oma meta dari belanda tiba2 komen post story tentang timnas indonesia yang banyak pemain belanda. tidak bisa dipungkiri karena naturalisasi pemain keturunan belanda, timnas sekarang bisa lebih bersaing. apapun strateginya goalnya masuk piala dunia dan timnas yang lebih baik.",2024-11-20 15:29:03+00:00
"rupanya pengalaman para pemain naturalisasi dari eropa tidak terlalu positif jadi penyebabnya,” tambah walsh. siapa aja tuh? johnny van beukering? raphael maitimo? marc klok? raphael maitimo? ilija spasojevic? hebat yak pengalaman pemain eropa tidak terlalu positif ke timnas.",2021-08-08 16:12:16+00:00
"coba deh timnas naturalisasi sterling, saliba sama osimhen, biar juara",2023-08-26 16:11:19+00:00
selama suportif. pokoknya menang dan bendera merah putih berkibar. gada urusan naturalisasi ataupun lokal! 5 tahun kedepan timnas semakin berkibar. jangan dipolitisasi ya tolong para pejabat. jangan ganggu jadwal latihan mereka demi ambisi kuasa kalian!,2024-04-26 05:58:57+00:00
"timnas indonesia pernah punya striker naturalisasi yang disegani di asia, sayang kariernya di skuad garuda berantakan",2024-02-26 08:01:35+00:00
"yang katanya timnas lapis dua ! tanpa naturalisasi, tanpa tc panjang, dan tentunya tanpa drama. timnas bola mana bisa. -",2025-09-11 14:59:59+00:00
"hahaha, orang kampung rasis cok, malu kalah sama pemain lokal biasa, padahal udh 3 asing, 2 naturalisasi, sisanya timnas",2021-03-22 14:53:26+00:00
nilai pasar skuad timnas indonesia auto dikuasai pemain naturalisasi.,2022-11-23 13:05:00+00:00
"jika renard mengkhawatirkan jiwa tim karena naturalisasi. kita sebagai pendukung timnas indonesia justru jauh lebih khawatir tentang jiwa fair play kompetisi itu sendiri, ketika tuan rumah memanfaatkan keunggulan non-teknis secara maksimal. kritik terhadap identitas tim menjadi minor ketika integritas kompetisi dipertanyakan akibat ketidakadilan jadwal serta polemik penunjukan wasit. bagaimana menurut kalian?",2025-10-08 12:50:47+00:00
"keren, prestasi yg membanggakan, timnas bola aja yg buat program naturalisasi ngga bisa menyaingi... bravo indonesia...",2022-08-20 08:07:20+00:00
"selama yg diurus dapet overglorifikasi adalah timnas senior putra (cara instan naturalisasi pula) instead of benerin sistem iklim sepakbola, selama itu pula gausah lolos :)",2025-06-09 09:48:59+00:00
gokil ya doi min foot apalagi kalo dia pengen naturalisasi keren deh timnas kita,2023-07-26 02:10:25+00:00
hai supporter china! negera kami gak akan punah karena timnas sepakbola kami banyak naturalisasi. negara kami akan punah jika tka asal china terus membanjir negeri kami dan menetap beranak pinak dinegeri kami.,2025-06-10 03:43:25+00:00
"yg ikutan nonton timnas cuma krn pemain naturalisasi gak diajak kak. sorry to say, kalo sty sebagus itu, dengan pemain yg dia panggil siapapun itu minimal dia bisa tembus final tiap aff. nyatanya? 1 kali final doang. tanpa pemain naturalisasi dia susah buat menang.t",2024-12-22 03:54:53+00:00
bisa buat naturalisasi starting ix timnas yg bisa jadi juara dunia.hahaha,2022-04-13 21:39:56+00:00
"kalau pelatih butuh naturalisasi tetap lanjut, gak mungkin pelatih milih secara acak untuk mencari pemain naturalisasi, jordi amat dipilih pasti karena dia punya kualitas, kita lihat saja seberapa berpengaruhnya jordi amat di timnas indonesia",2022-06-29 11:53:06+00:00
"dari namanya ines ta?, dia masih ada keturunan jawa, mending naturalisasi saja bela timnas main piala asia",2023-07-01 10:13:43+00:00
"semuanya lah! tbh, timnas yg sekarang di level asean aja keteteran. yok bisa yok naturalisasi",2021-06-14 08:13:36+00:00
"siapaaaaa kitaaaaa!!! londo londo!!!! naturalisasi kok sekampung londo digowo kabeh!!! bebenah dari a hingga z. kok masih sama penyakitnya. dari alif hingga yak.. kok samimawon. ga malu tah sama timnas kamboja,laos, jahe kencur, kunyit, sereh londo keok",2025-10-13 01:10:50+00:00
pemain timnas naturalisasi mana ini,2024-11-21 03:56:44+00:00
selamat kepada timnas indonesia u17 atas kemenangan melawan yaman..ini bukti tanpa pemain naturalisasi timnas u17 bisa masuk piala dunia u-17...selamat berjuang,2025-04-08 14:11:52+00:00
"kau tau tau hukum indo? elkan baggot itu tidak ada naturalisasi dari awal. dia dwi kewarganegaraan terbatas sebelum usia 21 tahun, paspor indo dan england. setelah umur 20 dia memutuskan paspor indo karena membela timnas indonesia. dia pure keturunan indonesia england.",2025-10-27 23:31:53+00:00
iya gpp deh iya kita apresiasi timnas berprestasi karena pemain naturalisasi usahanya yang mulia erick. tp balikin lagi sty dong.,2025-10-12 17:45:23+00:00
"kasian anak-anak muda yg sdh sepenuh hati bermain untuk timnas , malah dinyinyirin orangtua yg mau balik ke jaman kegelapan!! tuduhan pemain naturalisasi pegang paspor ganda sudah sampai ke telinga skuad timnas indonesia, jay idzes sempat terpancing (",2024-09-22 04:08:18+00:00
timnas plis naturalisasi gunwook,2024-07-10 16:58:17+00:00
"ada beberapa faktor: 1. naturalisasi waktu itu baru berjalan, bachdim gonzales bener2 buat pembeda banget 2. liga indonesia belum ada perpecahan, belum ada perpecahan di klub maupun federasi, euforia di liga juga bagus 3. timnas u-19 era evan dimas dkk",2021-12-19 06:23:14+00:00
"so far emg baru sandy walsh yg pindah jadi wni karena emg pure mau jadi pemain timnas, pemain naturalisasi yg lain kebanyakan ada udang dibalik bakwan",2022-06-25 11:35:19+00:00
"pastoor aja naik jadi pelatih. awal pilih patrick karena et akomodir pemain naturalisasi yg mayoritas dari belanda dgn alasan tak perlu adaptasi lagi, tapi pilihlah yang kompeten dan terbukti by data. strategi timnas kalau lawan berat main menunggu dan counter, pastoor cocok.",2025-10-16 05:48:56+00:00
"pelatih dan pemain kita yg dah jelas2 jago diganti pelatih asing, dipegang tae yong kita pernah menang ? contoh tuh u17 u20. pantes timnas kita gak pernah menang. buang2 duit aja! pemain naturalisasi pilih yg jago bukan yg banyak gaya! ngerti gak lo",2021-12-08 00:20:17+00:00
pembinaan g jalan: gara2 naturalisasi. gaji pemain telat: gara2 naturalisasi. streaming timnas ngelag: gara2 naturalisasi. jalan berlubang: gara2 naturalisasi. pokoknya semua gara2 naturalsasi.,2024-01-28 06:24:45+00:00
"kan dia udah jadi direktur teknis timnas pak bukan pelatih timnas lagi. dia yang harusnya ngurusin persoalan naturalisasi ini. pelatih tinggal terima beres. ini udah data statistik pemain di liga ga punya, pemain keturunan ga di urusin, tapi ngasih target tinggi ke sty",2021-06-06 06:57:32+00:00
"kayaknya pssi harus diisi tim scouting buat timnas dan rekomendasi buat naturalisasi, nanti mau dpanggil mau enggak kan terserah kebutuhan pelatih. yg penting bahan ada. pelatih tinggal olah. ibarat pelatih itu koki. kalau bahan makanan ga ada. apa yg dia mau olah?",2021-07-02 03:17:36+00:00
"diharapkan, dengan pemain naturalisasi, timnas indonesia wajib berprestasi. selengkapnya: timnasindonesia",2022-03-15 10:56:11+00:00
"haruna sumitro jelek! semua omongannya jelek! kecuali soal naturalisasi..aku ndukung omongan beliao..wkwkwk. entah naturalisasi dipaksakan, atau ada sedikit karena campuran darah indonesia. ingat, siapa terakhir striker timnas aseli wong indonesia? dedik? wkwkwk..",2022-01-17 03:13:10+00:00
kan ngerti dewe mbah.. naturalisasi timnas ujung2e kan orak prestasi timnas. tapi nggo munggahke jeneng. misale ketuane ganti jg durung tentu pemain timnas bakal kanggo mnh. soale biayane duwur to.,2025-11-18 08:23:20+00:00
"naturalisasi lagi, mas-mas ganteng ini akan memperkuat timnas u-20, di mei 2023 nanti. ivar jenner neneknya asal jember, dan justin hubner, turunan bandung-makassar. pokoknya yg berdarah indonesia ditarik semua sama untuk belain timnas. keren!",2022-11-10 13:40:05+00:00
ini yang pada di naturalisasi udah pasti masuk skuad timnas ya bre?,2022-04-14 05:07:12+00:00
sekarang timnas italia lebih sering naturalisasi pemain ya. jaman dulu mentok di mauro camoranesi doang.,2021-03-23 14:00:27+00:00
diatas 15 tahun yang lalu rangking indonesia di fifa jauh lebih baik artinya prestasi timnas saat ini tidak berguna karena tidak bisa melampaui masa dimana timnas di bangun tidak menggunakan pemain oplosan dalam modus naturalisasi.,2025-04-03 13:30:50+00:00
"ayo pak yunus, segera naturalisasi kevin diks sama sandy walsh, mereka lagi bagus-bagusnya...jangan hiraukan sang dirtek yg prestasinya kelas usia 19 thn aja, ingat kedua pemain itu bisa diambil timnas belgia atau belanda...",2021-08-13 23:36:22+00:00
"sepertinya gaya counter-attack cocok buat sepak bola indonesia. iklim panas dan budaya kolektif mendukung transisi cepat serta efisiensi energi. kesuksesan terbaru, seperti menang 2-0 lawan saudi arabia, nunjukin efektivitasnya, apalagi dengan pemain naturalisasi dari belanda yang bawa skill teknis.",2025-04-05 09:49:44+00:00
"naturalisasi timnas indonesia terbukti berhasil. saya usul agar pssi buat program perkawinan silang pria indo dengan wanita dari eropa, rusia/turki/korea/jepang agar anak2 nya jago main bola. saya siap jadi yg pertama ikut program tersebut.",2024-04-26 16:37:16+00:00
"apakah target selalu juara bung handuk?? apakah proses kemajuan buka terget?? emang sekarang masih fokus di timnas dan naturalisasi ingat, jabatan ketum cuma 5thn. mau mengurus gimana kalo yg difokuskan terlalu banyak harus pilih salah satu, nah ini pak et fokus timnas",2024-12-25 10:54:30+00:00
"bubarkan saja liga 1, timnas isi naturalisasi semua",2022-05-21 09:06:14+00:00
"serius ciro mau naturalisasi?? gakebayang kalo naturalisasi pas thn 2019an, mungkin gacor di timnas sumber: transferliga1",2025-11-07 03:44:29+00:00
percuma jika di timnas ada pemain kate' sebab kontra produktif dgn program naturalisasi pemain keturunan dari eropa... kata erick thohir usai patrick kluivert panggil 27 pemain timnas indonesia buat lawan kuwait dan lebanon,2025-08-22 13:11:23+00:00
iya yaa aneh juga kalo timnas isinya pemain naturalisasi semua...,2024-07-20 01:19:28+00:00
"yg perlu dicatat, timnas itu banyak naturalisasinya, mk kemenanganpun rasanya ga perlu glorifikasi yg berlebih hari ini jadi bukti, bhw timnas msh lemah. gw berharap timnas indonesia dpt lbh berjaya di kemudian hari dgn naturalisasi yg minimal jd glorifikasinya maksimal",2024-04-29 16:47:41+00:00
program naturalisasi pemain tidak otomatis mendongkrak prestasi. perlu pembenahan mendasar untuk membangun tim nasional sepak bola indonesia. tajukrencana adadikompas,2022-11-19 14:26:40+00:00
orang sini taunya orang cina ya orang cina. mana lah terpikir imigran atau naturalisasi (macam timnas aja) indonesia belum merdeka pun mereka udah ada kan,2025-10-26 12:42:48+00:00
"terimakasih investasi masa depan. federasi yukk bikin terobosan baru lagi untuk investasi jangka panjang timnas. regenerasi memang perlu, tetapi hak pemain naturalisasi berdarah indonesia juga mempunyai hak untuk membela negaranya. timnasday",2021-06-07 18:42:03+00:00
"isinya elitis, ga punya pendirian tegas, mencla mencle sama kasus kanjuruhan tapi percaya klo persepakbolaan lokal bisa berkembang lewat shortcut prestasi timnas dan naturalisasi.",2023-04-20 05:02:42+00:00
"berdasarkan analisis kondisi timnas indonesia pasca-gagal lolos piala dunia 2026, dengan skuad campuran lokal dan naturalisasi yang butuh rebuild mental serta taktik, shin tae-yong cocok karena rekam jejaknya sukses membangun tim ini sebelumnya. alternatif: erik ten hag, ahli strategi dan pengembangan pemain muda.",2025-10-16 06:12:02+00:00
"correct, a mungs. bahasan lanjutannya emang kesana (soal pemain naturalisasi ke timnas). yang sering kejadian malah cuma nambah slot foreign guys di klub.",2021-05-01 10:45:40+00:00
adakah efek positif atau manfaat dari adanya pemain asing yg di naturalisasi untuk timnas ? atau adanya pemain naturalisasi ini hanya untuk kepentingan klub2 lokal saja ? .ntizen yg budiman mungkin punya pandangan sendiri soal ini. .kalo kata uinkmah sih teu manfaat buat timnas,2021-07-22 05:51:51+00:00
apakah kita masih punya kebanggan pada timnas indonesia bila 2/3 pemainnya berasal dari naturalisasi ?,2023-01-12 00:56:14+00:00
mikir mo naturalisasi ke timnas garuda di bawahan asuhan sty...,2022-08-01 10:35:11+00:00
"yg ada tmbah gamau dia naturalisasi, peluang dia buat main ditimnas italia lebih besar klo bsa masuk inter, mana mau dia main di timnas wakanda",2023-08-08 05:05:49+00:00
"hr ini, hampir di smua kota di belanda, masyarakat keturunan maluku merayakan hari ulang tahun rms (republik maluku selatan) bbrp dr keturunan mrk, saat ini sdh kembali ke pangkuan indonesia lewat proses naturalisasi utk masuk timnas sepakbola indonesia anomali",2025-04-25 11:15:25+00:00
kita butuh banyak sekali atlet wna yang bersedia membela timnas ina sebagai wni ... naturalisasi,2021-02-19 22:04:32+00:00
tolong naturalisasi orang ini dan angkat jadiin sekjen atau exco. kita butuh orang seperti ini untuk meloloskan timnas ke piala dunia,2023-02-06 12:31:33+00:00
"bukannya beliau menolak untuk naturalisasi ke timnas ya? dan keluarganya pun tidak setuju buat balik ke indonesia, kok masih seakan di klaim?",2023-08-08 10:23:05+00:00
"sudah ku katakan dari awal, kau akan menyesal justin hubner, sebaiknya kau kembali ke inggris, lagipula timnas ini kan fokus ke piala dunia kan ? ngapain pakai pemain naturalisasi buat ajang receh ?",2024-11-26 09:54:19+00:00
ngurus naturalisasi dan timnas dia gaskan ngurus piala indonesia bahkan liga putri dia tak mau,2025-06-14 04:46:05+00:00
"sy pikir kita semua: pssi , presiden terlalu prematur over optimis, over confident kpd timnas garuda. hrs ada proses tdk ada yg instan spt makanan minuman. naturalisasi kita terlalu ambisius sdh pernah dikritik anggota dpr perempuan. sadarlah!",2025-06-10 17:58:35+00:00
"kalau ada yang ga terima siram aja mukanya pake air mendidih, biar sadar timnas kita tuh emang belum ada apa-apanya. apalagi harapannya udah setinggi langit ketujuh cuma gara gara naturalisasi",2025-03-23 14:53:12+00:00
"naturalisasi pemain dilakuin di semua negara, tujuannya buat bikin timnasnya bisa kompetitif dan bawa prestasi. kenapa pemain a mau main di negara b? chance pemain tsb main di timnas b lebih tinggi dibanding negara asalnya. apa aja faktornya?",2025-06-11 05:07:02+00:00
gini amat timnas yang naturalisasi gw,2022-05-28 02:50:44+00:00
namanya juga sipaling timnas (tim naturalisasi),2025-11-15 10:45:34+00:00
"gw juga heran sama pikiran lo, buat gw yang pernah liat essien, odemwingie, sissoko maen di liga indonesia aja liatnya biasa aja. ekpektasi lo buat naturalisasi emang beda bos bukan buat timnas tapi reguler maen di eropa. itu aja bedanya",2022-04-13 06:44:48+00:00
"permasalahin elkan ga dipanggil lagi ke timnas aja udah aneh... tiap pemain naturalisasi sudah siap terima resiko ga dipanggil ke timnas meskipun sudah pindah kewarganegaraan, lagi pula usia elkan masih muda banget masih panjang perjalanan dia",2024-12-27 15:35:32+00:00
"wajar kalau menyimak kebijakan menggunakan pemain naturalisasi oleh pssi, mengingat background pak sebagai businessman yang berorientasi ‘get things done’. bagaimanapun juga publik tanah air punya ekspektasi besar soal timnas garuda yang musti dideliver oleh .",2023-07-02 05:06:50+00:00
makin hukum salat makin tak pernah juara datangnya pemain naturalisasi kristen lah yg membuat timnas garuda berjaya sekarang,2024-04-28 23:23:23+00:00
"baiklah, sebagai rakyat indonesia, awak pasti bangga dengan pencapaian timnas baru-baru ini. tapi, gunakan pemain naturalisasi secara berlebihan boleh hilangkan akar asli dan jiwa kebangsaan, seperti curi shortcut yang rapuh. lebih baik bina talenta lokal untuk kejayaan tahan lama, daripada bergantung import—apa kata awak sebenar?",2025-10-13 09:17:15+00:00
"saya juga orang yang menolak keras, jangan terlalu banyak naturalisasi di bawak ke dalam tubuh sepak bola indonesia, setiap saya membicarakan tentang sty ratusan ribu buzzer yang nyerang saya. owalah pak pak",2024-09-27 01:44:49+00:00
gak semua naturalisasi itu untuk bela timnas indonesia bisa saja dia naturalisasi untuk kepentingan pribadi apalagi udh lebih dari 5 tahun tinggal di indonesia jadi sah2 saja mau naturalisasi jalur mandiri.,2025-04-29 02:17:04+00:00
udh siap di naturalisasi jadi pemain timnas..,2024-08-18 15:18:49+00:00
ada yg berpikir sama dgn gw kah? kalo yg dinyanyiin ini 11 12 dgn orang2 yang masih ngeributin soal naturalisasi di timnas indonesia?,2024-07-16 22:32:29+00:00
"hanya dengan menang lawan korea selatan, timnas indonesia memiliki 3 peluang untuk masuk olimpiade. tiga. tiga peluang yang harus dimenangkan. kalau masih ada yang gak suka karena tidak terima kasih, glorifikasi naturalisasi dan lain-lain. anda tolol, anda saya pastikan bodoh.",2024-04-26 14:27:53+00:00
"timnas sekarang isinya pemain lokal kualitas atas, pemain yg main di eropa, sama naturalisasi dg kemampuan top. semoga selepas ini lebih banyak pemain lokal main di liga luar.",2021-12-22 13:29:59+00:00
liat pak !!! 2 gol kemenangan indonesia di cetak oleh pemain lokal... jadi yg sebenarnya di butuhkan sepak bola indonesia keseriusan dalam pembinaan pemain usia muda bukan terus²an naturalisasi pemain keturunan,2024-11-19 18:21:39+00:00
dari pemain liga mereka juga ada banyak yang naturalisasi tapi sedikit tembus timnas. dan yang modelan cristian gonzales baru sekarang nguyen xuan son .,2024-12-23 07:45:57+00:00
"giliran timnas bola lagi mulai naik eh badminton terpuruk, masa iya perlu naturalisasi woi?",2025-07-18 15:10:12+00:00
"even kalau lo bandingin sama pemain naturalisasi kita di timnas, reijnders mukanya jauh lebih lokal",2024-06-16 13:14:07+00:00
"in shin tae yong we trust!! tebar ancaman dulu aja. walau secara permainan belum memuaskan namun dengan skuat muda, naturalisasi dan banyaknya pemain tampil di luar negeri, timnas pasti diperhitungkan lawan lawan di piala asia 2023. komentar kalian lob? bolalobfootball",2022-06-15 06:18:33+00:00
semoga yg masuk berkualitas. lihat liga 1 rasanya mau nangis. secara teknik dasar amburadul. timnas /sty memang harus naturalisasi pemain kalau mau main bagus,2023-08-01 18:25:43+00:00
"sabar sty, mereka akan memetik penyesalannya dikemudian hari. pelatih yg baru sesungguhnya utk timnas hindia belanda (naturalisasi) bukan timnas indonesia.",2025-01-16 05:39:26+00:00
"oke membicarakan masalah dilur fm yang lagi rame, tentang masalah fifa melarang naturalisasi. ini melarangnya di timnas indo aja atau gimana ? lama2 capek juga ngikutin sepakbola tanah air. lama2 ngikutin san marino challenge di dunia nyata ini wkwkw",2021-08-21 08:38:16+00:00
para pemain eropa yang merupakan keturunan indonesia kembali bertambah. semoga naturalisasi ini membawa timnas indonesia berjaya di asia dan mampu menembus piala dunia,2022-01-17 18:36:15+00:00
"cape verde juga menggunakan program naturalisasi untuk pemain timnasnya. tapi, ada pembeda yang bikin timnas tersebut akhirnya bisa lolos ke piala dunia 2026, yaitu konsistensi dengan pelatihnya. inibaruid",2025-10-15 04:35:24+00:00
"timnas bola kebanyakan naturalisasi, orang indo aslinya pada kemana ya",2023-04-18 01:00:54+00:00
tiang gawang di stadion qatar itu mampu menyelamatkan timnas indonesia dari kebobolan lebih banyak. apa perlu kita naturalisasi juga ?,2024-04-29 16:32:14+00:00
"marselino bukan pemain naturalisasi. dia lahir di jakarta, main buat timnas indonesia dari junior sampe senior. gak ada bukti dia punya kewarganegaraan ganda atau naturalisasi. jadi, dia asli indonesia, bukan dibenci, tapi fakta.",2025-04-06 14:22:10+00:00
"cari pemain grade a pun tak bisa instan, timnas indonesia dapat pemain naturalisasi berkualitas menunggu bertahun-tahun lamanya.",2024-12-11 12:43:51+00:00
setelah gagal total natiralisasi timnas kini wowo obok2 pimpinan bumn dengan naturalisasi keblingernya.. waspadalah.. penjajah kini leluasa masuk tanpa peperangan.. perjuanganmuberatkarnamelawanpengkhianat ghustisampunwayae,2025-10-21 10:20:04+00:00
"ya intinya emang gak serius aja ikutan turnamennya. gimana mau ngumpulin pemain2 terbaik, kalau tiap tim dibatas cuma bisa kirim 2 pemain ke timnas terus buat apa naturalisasi marc klok, spaso, dll?",2021-12-10 02:22:50+00:00
"bapak nya anak2 di timnas indon jaman naturalisasi blm tenar ya bang, alias mayoritas masih di huni lokal pride.",2023-02-01 16:39:46+00:00
"gw bingungnya disitu. kok terkesan terbalik prosesnya. brt klo skedar naturalisasi sgt gampang sbnarnya. yg jd masalah g bisa main di timnas. di berita utk walsh dan jordy pdhl baru ngajuin pindah aja terkesan sulit krn dokumennya kurang, mgkn krn negaranya bukan belanda kyk klok",2022-04-21 13:50:06+00:00
"fyi, pemain timnas prancis itu statusnya bukan naturalisasi, tapi memilih paspor, ada yg lahir, banyak yg besar juga di prancis. biasanya mereka lahir, sekolah sepakbola, memulai karir di prancis. terus baru abroad ke serie a, la liga atau epl, baru dipanggil ke timnas.",2024-11-25 08:25:02+00:00
"males nih sebenernya, boss teddy upload foto jersey timnas indo (pemain lokal / naturalisasi), sama nomor 4 (orang belanda ke-4) posting di pantai. marc klok posting dipantai juga. males ah berharap nnti di ceng ceng-in bade kamana kang?",2021-06-28 04:57:23+00:00
"timnas garuda memang banyak pakai pemain naturalisasi, terutama dari eropa, untuk cepat tingkatkan performa. mereka biasanya dari liga pro, jadi bayarannya bisa lebih mahal dibanding lokal. tapi, soal beban apbn, belum jelas angkanya—pssi yang atur dana, mungkin dari sponsor juga. strategi ini kontroversial, ada yang bilang abaikan talenta lokal.",2025-04-05 10:59:11+00:00
"sama seperti jordi amat, jika kemarin kevin diks jadi di naturalisasi kemungkinan akan menemui kendala seperti ini diks terkir kali membela timnas belanda saat usianya di atas 21 tahun pada 2018 tapi kalau lihat case munir kedua pemain di atas bisa membela timnas indonesia",2022-02-25 09:53:09+00:00
"suporter timnas indonesia lg diuji kesabarannya. dari luar diserang netizen negara tetangga yg lg pd nyenggol timnas. sementara di dalam diserang para bapak2 anti naturalisasi ngecap pendukung sty et sbg buzzer. makin tinggi, angin makin kencang garudamendunia timnasday",2024-09-28 05:09:14+00:00
"politik itu gak cuma masalah pemilu goblok! harga bbm, pajak, tarif listrik, biaya sekolah, usia pensiun, bpjs, harga gas, banyak konser artis internasional, naturalisasi pemain timnas, dsb itu ada intervensi politik nyet!! belajar yang banyak dulu baru ngomel!",2025-03-24 11:28:33+00:00
saya berharap ada yang melihat tulisan ini dan menyampaikannya ke bapak erick thohir bahwa saya memiliki usulan agar di semua kategori usia untuk timnas indonesia lebih baik menggunakan pemain naturalisasi dari seluruh penjuru dunia,2025-07-25 15:33:22+00:00
"harusnya pssi bikin kerjasama dengan mantan pemain indo seperti mereka ini untuk di jadikan scouting talent timnas indonesia dengan aspek yang memenuhi syarat bukan asal naturalisasi, contohnya svd, jvb, dll.",2021-06-04 13:59:07+00:00
akhirnya bakalan lihat timnas full lokal tanpa naturalisasi dan keturunan sejak 2009,2021-05-23 18:03:54+00:00
"pak tolong dibaca tweet ini. tidak ada yang instan dalam sepak bola. naturalisasi tidak selamanya menjadi solusi dan ada waktu dimana pemain tersebut tua, cedera, tidak bisa berlari lagi. pembinaan usia dini satu-satunya kunci menjaga asa timnas yg suistainable.",2024-11-19 16:46:15+00:00
"bisa banget benturin kayak gini setelah hasil buruk di aff, tolong lah buat anda yang punya akun dan mungkin orang lain jangan mengkotak-kotakkan, ya ini pemain timnas indonesia bukan pemain timnas naturalisasi atau pemain lokal, ya mereka bela bawa negara -",2024-12-21 17:30:55+00:00
pemain timnas prancis itu mereka di naturalisasi ya bang?,2023-04-17 14:35:42+00:00
yee kocaq wkwk akhirnya pecah jg suporter timnas lagi lagi masalah naturalisasi vs anti naturalisasi wkwk,2022-06-29 11:13:26+00:00
"naturalisasi mungkin bisa mengecilkan gap dalam periode singkat. namun, ini jelas bukan solusi jangka panjang. pembinaan, peningkatan kualitas liga, pengiriman pemain berkualitas ke liga yang kualitasnya lebih baik. plan pembangunan timnas berjenjang. perlu punya ini.",2024-01-28 13:11:50+00:00
"pemain keturunan di timnas indonesia senior selama ini (2010-24) semua lewat proses naturalisasi, kecuali irfan bachdim elkan baggott. mungkin saja klok ada bukti dokumen yg diajukan, tapi pastinya ditolak fifa, krna memang kejauhan kalau smpe 1630.",2024-03-30 12:31:57+00:00
timnas kalo diisi pemain naturalisasi pada protes kok timnas diisi pemain naturalisasi semua anak lokal gimana giliran pemain keturunan bela klub malah dibelain mati an aneh bet dah,2025-11-20 11:20:06+00:00
bagusnya naturalisasi aja semua pemain timnas indonesia,2024-12-16 08:13:36+00:00
"gonzales doang kayanya yg nga ya, tp klo menurut w naturalisasi jg nga begitu bagus ah buat timnas, buktinya ampe skrg gtgt aja aff aja nga prnh dpt",2021-09-06 09:35:43+00:00
"delano ladan gabung klub eerste divisie top oss menutup peluang timnas punya striker naturalisasi dalam waktu dekat. sudah 2,5 tahun coach sty cari striker tapi belum ketemu yang cocok.",2022-07-18 15:32:13+00:00
"sebenarnya udh takut awal liat adminnya ngerepost ini di akunnya karna msh banyak orang² yg salty. tapi, balik lg ini akun dia hak milik dia, mau gimana lg. thank you admin timnas udah ikut senang liat jersey timnas indonesia dipake sm sungchan. what if beneran di naturalisasi",2025-06-22 14:06:39+00:00
pak gimana ini pak? apa mereka sudah naturalisasi jadi pemain timnas menggantikan justin hubner?,2025-03-27 14:19:05+00:00
"timnas indonesia perlu ditingkatkan agar kompetisi terdongkrak lebih baik, caranya? naturalisasi pemain!",2022-03-10 09:45:05+00:00
"sudah susah² naturalisasi malah yg diharapkan jadi penyerang utama timnas memilih uang daripada kompetisi yg ketat, yg bisa mengasah kemampuannya",2025-07-22 08:31:23+00:00
apakah timnas pssi u17 ini bebas dari pemain naturalisasi (murni pemain lokal indonesia) atau masih menggunakan pemain naturalisasi seperti timnas asuhan patrick kluivert - saya justru bangga kepada mereka para pemain lokal indonesia tanpa mengikut sertakan naturalisasi hening,2025-04-11 01:21:15+00:00
"terserah orang bilang aku ga ngerti bola, toh kalo nonton bola aku ngantuk, tapi timnas itu beda! dan konsep timnas di kepala ku ga gini wkwkw, naturalisasi is getting out of hand",2025-06-11 03:54:41+00:00
"kalau mau jujur ya. memang institusi polri itu sudah bobrok, dan harus di benahi. macam timnas indonesia jika tak ngambil pemain naturalisasi, mungkin gak akan pernah berprestasi. penyakitnya sudah mengakar. hobi",2024-11-26 13:54:55+00:00
"pertanyaan iseng, tapi serius kalo misalnya timnas indonesia lolos ke piala dunia 2026, tapi starting xi-nya semuanya pemain naturalisasi/diaspora, how do you feel?",2025-01-17 11:50:51+00:00
"timnas indonesia lebih condong ke diaspora daripada bule murni. mayoritas pemain naturalisasi seperti sandy walsh, thom haye, atau jay idzes punya garis keturunan indonesia (orang tua atau kakek-nenek), sehingga memenuhi syarat fifa via ancestry, bukan impor asing tanpa hubungan darah. strategi ini efektif naikkan level timnas, meski tetap ada kritik soal identitas lokal. bule tanpa ties seperti kasus minor, fokus utama diaspora untuk talenta eropa.",2025-10-18 16:21:26+00:00
"maksudnya untuk di timnas pake naturalisasi , gak ada gunanya. lebih bagus era 2004 sebelum mulai mulai ada naturalisasi era gonzales dan irfan bachdim yang masuk di 2010",2021-08-18 11:31:51+00:00
rvp bukan darah indonesia. radja pernah bilang kalo dia gak tau kebijakan naturalisasi di pssi itu ada. sisanya ya itu soal hak pribadi milih timnas mana. naturalisasi delusional? ente ribet!!! negara eropa langganan pildun juga ada yang naturalisasi pemain buat masuk timnas.,2021-12-01 22:05:48+00:00
"belanda aja, biar hubner main timnas indo di databas naturalisasi kita aja",2023-03-22 10:56:26+00:00
"“pau torres hebat ga? pau cubarsi hebat ga? pedro porro hebat ga? sayang ga nanti bek timnas kita di isi pemain naturalisasi seperti laporte dan normand?” ucap sergio towel, pengamat sepak bola spanyol",2024-07-09 08:08:25+00:00
dukung timnas semenjak naturalisasi selebgram kan? wkwkwk l football knowledge,2025-11-06 14:25:55+00:00
"naturalisasi kan untuk bantu klub dalam regulasi pemain asing | untuk timnas kaya nya udah jarang, kalo prestasi timnas senior no comment",2021-08-18 11:29:16+00:00
"naturalisasi banyak, tc ke luar negeri rutin, staf pelatih pilihan sendiri. percayaproses-nya sty ini diberi banyak kemudahan, jadi wajar kalau ada yang demand lebih dari sekadar main bagus alias prestasinya mana?. kayaknya cuma sty pelatih timnas yg dapet privelege ini.",2023-12-30 07:21:36+00:00
"dih lu liat juga konteksnya sty kan memang ada kerjasama sama dia untuk memajukan sepak bola indonesia, katanya mau stop naturalisasi tapi kok elu gak mendukung sih, aneh banget demi kemajuan sepak bola indonesia jg kali",2024-11-21 13:08:41+00:00
"gw gak bilang gak mau, cuman kalo terus2an naturalisasi bubarin aja pembinaan, pulangin garuda select dll, masalah rank fifa bukannya indo selalu turun harapan sih pssi yang bersih transparan ~ kompetisi yang sehat dan ketat ~ timnas yang kuat, berharap doang sih",2021-08-09 02:17:44+00:00
gaji pemain naturalisasi timnas indonesia berapa yaah?,2024-09-28 03:51:41+00:00
timnas+pemain naturalisasi+shin tae yong = wonderfull,2021-12-15 14:47:24+00:00
"kita flashback ke 5 tahun yang lalu saat debut sty pertama kali melatih timnas. 29 mei 2021 timnas bertemu oman dalam sebuah laga ujicoba dan kalah 1-3. setelah itu, program naturalisasi terus bergulir. beberapa pemain top membela timnas indonesia. bolalobfootball",2025-03-24 04:56:50+00:00
"secara peraturan kalo mereka mau main harus lewat jalur naturalisasi biasa, menetap 5 tahun dulu baru boleh masuk timnas sana.",2025-11-18 23:23:38+00:00
"itu timnas kenapa pada pemain naturalisasi deh, udah abis orang indonesia rupanya? timnas = tim naturalisasi",2024-03-28 12:48:57+00:00
"biasanya rewatch tmg, trus nadia omara, hirotada, ken grat, pebbie lieyanti, dianxi xioage, shanty di china, tarawoni, kimbab fam, bianca kartika, arsy channel, sama highlight match real madrid, timnas indonesia, trus interview pemain2 naturalisasi di channel yussa nugraha",2024-05-26 03:49:40+00:00
"kalau kita berkaca dari naturalisasi pemain keturunan yg bersumbangsih pada positifnya performa timnas bola di asian cup, sudah saatnya pemerintah juga melakukan “naturalisasi” kebijakan yg satu ini demi mencegah kerusakan alam yg lebih parah di tanah air. foto: afc",2024-04-26 12:56:28+00:00
"indra sjafri aja yg latih udah, kurangi tc banyakin naturalisasi kl indra nya gamau dan milih local pride yaudah ikhlasin aja kl misalnya timnas indo balik ke setelan pabrik, kita nonton liga eropa aja gaes.",2023-02-04 08:24:36+00:00
naturalisasi bawa prestasi intinya selama pemain yang dinaturalisasi berkualitas sih harusnya gapapa yang buat bantu timnas raih prestasi tuh italia aja ngelakuin juga buat raih trofi euro 2020 naturalisasi italia,2021-07-14 11:59:56+00:00
naturalisasi untuk kepentingan timnas naturalisasi untuk main di liga super wkwkwk lagu lama,2025-07-12 02:56:18+00:00
kyanya bakal dipanggil ni ya mas buat world cup klo musim ini bagus. dia ini emang ada peluang buat naturalisasi ke italia ya?,2022-07-19 15:39:51+00:00
"bayangkan jadi arkhan fikri, - bukan pemain naturalisasi - main di liga 1 - gagal penalti untungggggggg akhirnya timnas lolos ke semifinal. semangat arkhan, di semifinal nanti insyaallah lu akan jadi pencetak gol penentu indonesia.",2024-04-26 00:12:42+00:00
